{"min": [-0.688819, -0.685168, -0.281127], "max": [0.716884, 0.720535, 0.382189]}